create_user,create_date,update_user,update_date,drilling_company_guid,drilling_company_code,name
PROXY_WELLS,2008-08-05 12:00:07-07,,,62409874-977b-4088-9588-6956de819c66,493,Newgrowth Capital Corp
PROXY_WELLS,2008-09-23 10:59:26-07,,,1fce8293-1fb6-4867-91aa-752a3601d430,498,Corley Drilling
PROXY_WELLS,2010-06-15 09:08:30-07,,,ab35b2ea-4afc-41b1-9c95-d3ef1986f5ae,510,Wisharts Water Well
PROXY_WELLS,2011-02-14 09:07:50-08,,,5d5caaa0-7234-4916-a4a3-5368ec571112,515,Geotech Drilling Ser
PROXY_WELLS,2011-03-09 12:45:55-08,,,793742ed-464d-4be2-aee1-67228cd7c52f,516,Webster Drilling
PROXY_WELLS,2012-08-20 11:01:11-07,,,c3f2dc71-e641-47cb-8200-03e09307c0ce,1001,Hotearth Energy
PROXY_WELLS,2007-11-29 10:43:42-08,,,7293a599-4f80-4bb6-b80e-8fcf441b4658,490,West-Coast Drilling
PROXY_WELLS,2009-07-15 10:29:55-07,,,9d51963d-86b9-4099-a947-15bd3a0d6b23,504,Downrite Drilling
PROXY_WELLS,2009-11-05 10:07:08-08,,,0164ec0b-b1f5-4f1e-984c-7c0ee9263e9a,507,Hopper Water Well
PROXY_WELLS,2010-07-28 09:51:03-07,,,a84f0a27-1786-4d0d-aafe-98f115b5a749,512,Monashee Aquifer
PROXY_WELLS,2011-05-27 15:08:27-07,PROXY_WELLS,2011-05-27 15:09:33-07,6b46e159-15bd-46d4-a445-f5a56b76a496,517,Mearls Machine Works
PROXY_WELLS,2011-05-30 16:21:44-07,,,10f45e79-4517-4f64-9870-5d669fb417a4,518,JOHN LYPKIE
PROXY_WELLS,2011-07-13 14:16:00-07,PROXY_WELLS,2013-05-08 15:28:19-07,0aa2f785-1a24-4f45-aa3a-277df1e9698f,519,Fred Cudlip
PROXY_WELLS,2012-01-18 11:03:31-08,,,96a9e588-64d9-41db-82bc-1fc40594b5c4,521,SEACOR
PROXY_WELLS,2013-09-30 14:55:40-07,,,9dff9db0-2bb4-488c-abf7-50729a177639,1004,Fyfe Well & Water
PROXY_WELLS,2007-11-20 11:48:02-08,PROXY_WELLS,2007-11-20 11:49:07-08,d954cd4b-e62f-4851-b0d4-a2b4387fa077,487,Schibli Drilling
PROXY_WELLS,2007-11-28 15:11:40-08,,,9de64860-45a0-49ee-9aff-db7e318a3ae8,488,Kamloops Water Wells
PROXY_WELLS,2007-11-28 15:27:40-08,,,90cc3822-2c63-4a08-832a-315ac8540baf,489,Ground Force Systems Inc.
PROXY_WELLS,2008-07-04 10:09:02-07,,,417b5d4b-4552-4dbe-8514-47d9bd5474f9,492,Aqua Pro Drilling Ltd.
PROXY_WELLS,2008-09-12 11:14:32-07,,,d61c4937-14dc-453b-8430-eb9ab1cf094e,495,Integrity Drilling
PROXY_WELLS,2008-09-12 11:14:53-07,,,f606669c-a60c-422d-859a-fdc54278d9b0,496,Wild West Drilling
PROXY_WELLS,2009-07-14 11:00:57-07,,,46dbd6eb-afbd-476e-945f-d55af18f1097,503,Big Al's Wells
PROXY_WELLS,2009-07-28 12:53:44-07,,,6ba9d57e-2f23-40ec-8437-8592458e29db,505,Beck Drilling
PROXY_WELLS,2010-12-15 08:19:14-08,,,854600ef-163b-49da-b462-2d0ccdcc3893,513,Cora Lynn Drilling
PROXY_WELLS,2013-05-30 16:22:38-07,,,ff0c6865-00fc-4a09-919e-471f25ded072,1002,Morrill's Water Well
PROXY_WELLS,2013-05-30 16:29:02-07,,,ccbc1255-81c7-4dd2-babe-ea3a98780de4,1003,Aaron Drilling
PROXY_WELLS,2014-05-05 14:55:28-07,,,4d91d8d8-2023-4141-844f-996332e75d04,1006,Aqua Installations
WELLS,2003-08-13 08:55:13-07,WELLS,2006-12-14 09:28:28-08,316bc5a8-9c66-4d7c-8b14-847db593caf1,UNK,Unknown
WELLS,2003-08-13 08:55:13-07,PROXY_WELLS,2015-10-05 08:46:42-07,6b54dcde-87d1-43b2-82b9-b284d09b4236,001,Dennis Abercrombie
WELLS,2003-08-13 08:55:13-07,WELLS,2006-12-14 09:28:28-08,7280f34c-575d-48b2-8c18-ea38410eb994,003,Wayne Abercrombie
WELLS,2003-08-13 08:55:13-07,WELLS,2006-12-14 09:28:28-08,6836f738-3fcb-45c2-943e-ca16bed96727,004,Action Drilling
WELLS,2003-08-13 08:55:13-07,WELLS,2006-12-14 09:28:28-08,bd7907e7-71d7-43e6-bc9f-91a1e6c6315b,005,Acupuncture Drilling
WELLS,2003-08-13 08:55:13-07,WELLS,2006-12-14 09:28:28-08,2c4fd9cc-650a-46aa-803d-a2c6d643c477,006,Aquarius Water Wells
WELLS,2003-08-13 08:55:13-07,WELLS,2006-12-14 09:28:28-08,fcf16f88-b3e3-4a56-8c30-9df76c0ecf86,007,Aqua-Terra Drilling
WELLS,2003-08-13 08:55:13-07,WELLS,2006-12-14 09:28:28-08,2f7517dc-26d0-4e6c-bb29-fae25f7f5ceb,008,Aqua-West Services
WELLS,2003-08-13 08:55:13-07,WELLS,2006-12-14 09:28:28-08,f465c3bd-c9af-48c0-b609-7060e204a1a3,009,Arrow Drilling
WELLS,2003-08-13 08:55:13-07,WELLS,2006-12-14 09:28:28-08,da7c9245-30aa-491a-90d8-9b0854440019,011,Alex Colville Drilling
WELLS,2003-08-13 08:55:13-07,WELLS,2006-12-14 09:28:28-08,240a6649-e612-453e-91a7-39c446718071,012,Alkan Drilling
WELLS,2003-08-13 08:55:13-07,WELLS,2006-12-14 09:28:28-08,68e7e0a8-e5c1-4b09-b128-a20589eaa0a5,014,Anderson Well Drilling
WELLS,2003-08-13 08:55:13-07,WELLS,2006-12-14 09:28:28-08,7b2d0193-ca22-4be5-9c2b-03df0c356e7e,016,A. & H. Construction
WELLS,2003-08-13 08:55:13-07,WELLS,2006-12-14 09:28:28-08,66f7acdf-5baf-474b-a0a5-b5ba72012dfd,017,Barr's Well Drilling
WELLS,2003-08-13 08:55:13-07,WELLS,2006-12-14 09:28:28-08,e3b1dfea-bf34-4873-a7e3-a25087ffe57f,018,Bernard Drilling
WELLS,2003-08-13 08:55:13-07,WELLS,2006-12-14 09:28:28-08,2b09eddb-1da8-41a6-a2b5-1e207d6c1690,019,Bob's Water Drilling
WELLS,2003-08-13 08:55:13-07,WELLS,2006-12-14 09:28:28-08,d64836dd-e423-47f2-bd71-70225ffdd0f9,020,Brown & Sons Drilling
WELLS,2003-08-13 08:55:13-07,WELLS,2006-12-14 09:28:28-08,f7cb26a4-bdf8-4843-bb27-82214451ed0e,021,Budhenning Co.
WELLS,2003-08-13 08:55:13-07,WELLS,2006-12-14 09:28:28-08,6d6c0b9e-948b-43cc-ae67-d1df675438a7,022,Can-West Drilling
WELLS,2003-08-13 08:55:13-07,WELLS,2006-12-14 09:28:28-08,0fa17be4-778b-4f46-9205-637541f05a5d,023,Capri Drilling
WELLS,2003-08-13 08:55:13-07,WELLS,2006-12-14 09:28:28-08,db24b320-00b0-4a7c-a108-743d17bba84c,024,Cariboo Water Wells
WELLS,2003-08-13 08:55:13-07,WELLS,2006-12-14 09:28:28-08,6daa6e5c-fa90-486f-81f9-6f076b95887b,025,Cariboo Well Drilling
WELLS,2003-08-13 08:55:13-07,WELLS,2006-12-14 09:28:28-08,8c9a5b40-792e-4b50-a8ac-50d88990746b,026,Chetwynd Drilling
WELLS,2003-08-13 08:55:13-07,WELLS,2006-12-14 09:28:28-08,c998d3b7-9a36-434b-b38b-66d69c239628,027,Columbia Water Wells
WELLS,2003-08-13 08:55:13-07,WELLS,2006-12-14 09:28:28-08,6208193e-066e-4703-8e74-2e302e0005bb,028,Dan Gare Drilling
WELLS,2003-08-13 08:55:13-07,WELLS,2006-12-14 09:28:28-08,6a328db8-64ff-411c-b2a5-7598fbaa47b1,029,"Debruin, W."
WELLS,2003-08-13 08:55:13-07,WELLS,2006-12-14 09:28:28-08,8bd22e73-3ad8-4057-88ca-d642e552e86d,030,Dickau Drilling
WELLS,2003-08-13 08:55:13-07,WELLS,2006-12-14 09:28:28-08,5411c7ef-2753-40c6-b7d1-94ebf4aa8a13,032,Drillwell Enterprises
WELLS,2003-08-13 08:55:13-07,WELLS,2006-12-14 09:28:28-08,71cee8a4-93b7-4862-91a2-24732069410d,034,D. S. Godwin
WELLS,2003-08-13 08:55:13-07,WELLS,2006-12-14 09:28:28-08,02b81b8d-1a14-4260-b4ab-f4d5b62b507f,035,Engineering Drillers
WELLS,2003-08-13 08:55:13-07,WELLS,2006-12-14 09:28:28-08,ecf5b80a-a304-4047-8c60-0ffe53192e82,036,Field Drilling Contractors
WELLS,2003-08-13 08:55:13-07,WELLS,2006-12-14 09:28:28-08,87b5863e-e6f5-41b4-979c-ee05d4ff0ebc,118,"Ross, Mylo"
WELLS,2003-08-13 08:55:13-07,WELLS,2006-12-14 09:28:28-08,20980de5-77c0-4429-9bc6-0f1cf7702f8d,119,Rotella Drilling
WELLS,2003-08-13 08:55:13-07,WELLS,2006-12-14 09:28:28-08,8a84e3da-75df-47d8-bdca-0792132c4cf8,120,Rural Well Drillers
WELLS,2003-08-13 08:55:13-07,WELLS,2006-12-14 09:28:28-08,1210ebea-4f8e-4922-bb51-4fc5b5055102,122,R. J. Drilling
WELLS,2003-08-13 08:55:13-07,WELLS,2006-12-14 09:28:28-08,801f3527-432c-45f6-ba0b-7bf6c417a2ea,123,Plateau Exploration
WELLS,2003-08-13 08:55:13-07,WELLS,2006-12-14 09:28:28-08,296ec129-5bd2-4be1-bd06-98ff6de63c0c,124,Schick Aqua Drill
WELLS,2003-08-13 08:55:13-07,WELLS,2006-12-14 09:28:28-08,60d604b1-7551-4f8c-924a-2817ca993cd8,125,S. A. E. Drilling
WELLS,2003-08-13 08:55:13-07,WELLS,2006-12-14 09:28:28-08,66a612c0-3400-4dcb-b236-69b6eb4b2d7c,126,San Jose Drilling
WELLS,2003-08-13 08:55:13-07,WELLS,2006-12-14 09:28:28-08,0f1e5d01-8339-42f1-8449-7151f3bffcc1,127,Skeena Valley Water Wells
WELLS,2003-08-13 08:55:13-07,WELLS,2006-12-14 09:28:28-08,5cb5e741-d237-4099-ae8a-e6c8557cb264,128,Sorenson Well Drilling
WELLS,2003-08-13 08:55:13-07,WELLS,2006-12-14 09:28:28-08,9f6f1640-594c-4700-925d-d081033b01bb,129,South Okanagan Concrete
WELLS,2003-08-13 08:55:13-07,WELLS,2006-12-14 09:28:28-08,c4b24b44-f05e-46ef-8dcb-c866087679c4,131,Sweetwater Drilling
WELLS,2003-08-13 08:55:13-07,WELLS,2006-12-14 09:28:28-08,523d93e9-5cf9-4ac7-b5a4-de44d85517ed,132,Stout's Drilling
WELLS,2003-08-13 08:55:13-07,WELLS,2006-12-14 09:28:28-08,efc85ca7-0785-44dd-abfd-22e4af737595,133,Totem Drilling
WELLS,2003-08-13 08:55:13-07,WELLS,2006-12-14 09:28:28-08,b3afc507-66a8-4ea0-aab3-4241a914aaba,134,Triline Drilling
WELLS,2003-08-13 08:55:13-07,WELLS,2006-12-14 09:28:28-08,7ad6e239-502a-473f-9947-fb0962639776,135,Tri-K Drilling
WELLS,2003-08-13 08:55:13-07,WELLS,2006-12-14 09:28:28-08,7ae85f3b-ec81-4f37-8ef1-29f64aff4341,136,Thomas Well Drilling
WELLS,2003-08-13 08:55:13-07,WELLS,2006-12-14 09:28:28-08,5370c687-ab21-4a97-82fe-950a3a32a8f9,137,Overflow Well Drilling
WELLS,2003-08-13 08:55:13-07,WELLS,2006-12-14 09:28:28-08,677c2f21-4f3c-4d8d-8517-b2e6ee775501,138,Underhill Drilling
WELLS,2003-08-13 08:55:13-07,WELLS,2006-12-14 09:28:28-08,38404ed9-a8ea-4d11-a297-a2c691dda21a,140,Valley Water Services
WELLS,2003-08-13 08:55:13-07,WELLS,2006-12-14 09:28:28-08,388bbc64-668f-4dfe-9426-dbefa60ebe5c,141,Van Des Well Drilling
WELLS,2003-08-13 08:55:13-07,WELLS,2006-12-14 09:28:28-08,c88bf0ba-6be3-4553-b8d2-7498837e70b3,142,Walker Water Wells
WELLS,2003-08-13 08:55:13-07,WELLS,2006-12-14 09:28:28-08,0892ea81-1d89-43d0-91b2-838113088bf6,143,Walsh Well Drilling
WELLS,2003-08-13 08:55:13-07,WELLS,2006-12-14 09:28:28-08,9c851452-2c9b-4cd6-b5a5-760cc0c8c58b,160,Wickham Well Service
WELLS,2003-08-13 08:55:13-07,WELLS,2006-12-14 09:28:28-08,f1212571-87f5-4640-b5c3-e30349140ec4,162,Terra Drilling
WELLS,2003-08-13 08:55:13-07,WELLS,2006-12-14 09:28:28-08,541c9a4b-0d74-4a04-8d2c-67bf4d9b23de,161,Henderson Drilling Co.
WELLS,2003-08-13 08:55:13-07,WELLS,2006-12-14 09:28:28-08,1df0b292-2f10-4bad-a22e-1900a9a52539,432,Stanley Cross
WELLS,2003-08-13 08:55:14-07,WELLS,2006-12-14 09:28:28-08,d4d2e3a6-8815-4c59-b55e-2e919befce96,163,Art Moore & Son
WELLS,2003-08-13 08:55:14-07,WELLS,2006-12-14 09:28:28-08,f5608daa-2f0e-4eec-883a-f963e391afa1,164,Wornell
WELLS,2003-08-13 08:55:14-07,WELLS,2006-12-14 09:28:28-08,84f37ff6-4e48-425f-a2e7-182444e8dd18,165,Harvey's Machine Shop
WELLS,2003-08-13 08:55:14-07,WELLS,2006-12-14 09:28:28-08,7277ce69-afce-41d1-8985-63b33c4c546b,167,Osoyoos Water Wells
WELLS,2003-08-13 08:55:14-07,WELLS,2006-12-14 09:28:28-08,73502de2-5c8a-46ca-ace6-18d5f251d82c,168,Western Water Wells
WELLS,2003-08-13 08:55:14-07,WELLS,2006-12-14 09:28:28-08,ac5c0e25-fb99-43bf-8f22-012f82d42c58,170,Smith
WELLS,2003-08-13 08:55:14-07,WELLS,2006-12-14 09:28:28-08,0dd8ceb8-6252-4d70-a3dd-a2f4156327af,171,Maril Well Drilling
WELLS,2003-08-13 08:55:14-07,WELLS,2006-12-14 09:28:28-08,e2af2859-7dbb-42df-b40a-6b4a9e309208,172,Wardean Drilling Co.
WELLS,2003-08-13 08:55:14-07,WELLS,2006-12-14 09:28:28-08,fab63643-4962-40ae-8e2d-974ce75de335,173,Okanagan Water Well Drilling
WELLS,2003-08-13 08:55:14-07,WELLS,2006-12-14 09:28:28-08,15f94c5f-8c0b-4672-aa91-26ef2e2a4835,174,La Greca
WELLS,2003-08-13 08:55:14-07,WELLS,2006-12-14 09:28:28-08,94e3f995-eb44-486f-bc3f-b9a913ca5c38,175,Lakeside Drilling
WELLS,2003-08-13 08:55:14-07,WELLS,2006-12-14 09:28:28-08,80762e38-f146-43bb-b1e9-d672b29f80e2,176,Oasis Drilling
WELLS,2003-08-13 08:55:14-07,WELLS,2006-12-14 09:28:28-08,7ebfa8dc-49b2-4960-80aa-c32b3b84e826,177,Sedco Exploration Ltd.
WELLS,2003-08-13 08:55:14-07,WELLS,2006-12-14 09:28:28-08,6900f660-a452-4dc4-a570-943483fc4e8a,178,E. Saklofsky
WELLS,2003-08-13 08:55:14-07,WELLS,2006-12-14 09:28:28-08,6986bf5a-55df-40b2-8f3a-ac57870adf3c,179,Simoneau
WELLS,2003-08-13 08:55:14-07,WELLS,2006-12-14 09:28:28-08,737381ee-6c5f-4b42-a91e-255984912222,180,Halvern Drilling
WELLS,2003-08-13 08:55:14-07,WELLS,2006-12-14 09:28:28-08,e7319052-ece1-4f0e-a34d-3c157e7f16a5,181,Valley Drillers
WELLS,2003-08-13 08:55:14-07,WELLS,2006-12-14 09:28:28-08,94b227a7-761e-4528-bb36-cf1073600919,182,Northspan
WELLS,2003-08-13 08:55:14-07,WELLS,2006-12-14 09:28:28-08,c97f1dca-4001-4323-bb1e-32b615b0b6a1,183,Gerald Keyes
WELLS,2003-08-13 08:55:14-07,WELLS,2006-12-14 09:28:28-08,c6ee50d8-9618-4868-aa1c-ab5430c1b6c5,185,Alpine Drilling
WELLS,2003-08-13 08:55:14-07,WELLS,2006-12-14 09:28:28-08,add78c42-e88a-4806-bb1e-26851f846b3c,186,Golden Drilling
WELLS,2003-08-13 08:55:14-07,WELLS,2006-12-14 09:28:28-08,95ed0ceb-3a9c-439f-a19f-a799ce1d9c76,187,Aqua Drilling
WELLS,2003-08-13 08:55:14-07,WELLS,2006-12-14 09:28:28-08,f5d77642-5923-4e81-b7ad-c55cdd5383d1,188,Interprovincial Drilling
WELLS,2003-08-13 08:55:14-07,WELLS,2006-12-14 09:28:28-08,a59dd04c-8186-4e6d-b5a1-772d1c53b6eb,189,"Naughan, W"
WELLS,2003-08-13 08:55:14-07,WELLS,2006-12-14 09:28:28-08,96db7e76-c494-47ba-a184-99ab35928310,190,O'Rielly
WELLS,2003-08-13 08:55:14-07,WELLS,2006-12-14 09:28:28-08,decca31f-cdb3-436a-ad58-37e3270aed26,191,Tri-Most Drilling
WELLS,2003-08-13 08:55:14-07,WELLS,2006-12-14 09:28:28-08,f019a49a-4ba7-4abf-9707-dc5e1c8aaf23,192,Suburban Water Wells
WELLS,2003-08-13 08:55:14-07,WELLS,2006-12-14 09:28:28-08,afbc143e-03df-4748-8a4c-b0da72e8612f,193,Creston Waters
WELLS,2003-08-13 08:55:14-07,WELLS,2006-12-14 09:28:28-08,c900774b-c100-4ff8-ac84-365ec492b813,194,Big Indian Drilling Co
WELLS,2003-08-13 08:55:14-07,WELLS,2006-12-14 09:28:28-08,37df233f-2b10-4f39-ba3c-1efc06b0cbce,195,K. L. S. Drilling
WELLS,2003-08-13 08:55:14-07,WELLS,2006-12-14 09:28:28-08,bd3090f8-0647-4148-9d91-f3efdd740b14,196,Wemen
WELLS,2003-08-13 08:55:14-07,WELLS,2006-12-14 09:28:28-08,bd8f03fb-fe9a-4fa7-be8a-05a96fd22e99,197,"Weatherby, Jim"
WELLS,2003-08-13 08:55:14-07,WELLS,2006-12-14 09:28:28-08,b0a913ea-00b8-4f61-b45d-2c16e0e8dc9e,198,"McQuag, John"
WELLS,2003-08-13 08:55:14-07,WELLS,2006-12-14 09:28:28-08,022b60a4-f747-4130-b86c-484e5398f6a9,199,"Ekman, Nels"
WELLS,2003-08-13 08:55:14-07,WELLS,2006-12-14 09:28:28-08,5b8f51c9-a25b-4def-b14a-ea58477332c6,200,"Gertsma, F."
WELLS,2003-08-13 08:55:14-07,WELLS,2006-12-14 09:28:28-08,3f230bb6-9620-4fec-a7aa-0922fcc3c8d0,202,Wellwood
WELLS,2003-08-13 08:55:14-07,WELLS,2006-12-14 09:28:28-08,270349e2-e693-452d-8bb9-d7dae3913405,203,"Reiswig, P."
WELLS,2003-08-13 08:55:14-07,WELLS,2006-12-14 09:28:28-08,c1d324c5-81f1-491b-9610-0bfadba62ba8,204,"Langlet, L."
WELLS,2003-08-13 08:55:14-07,WELLS,2006-12-14 09:28:28-08,a6c0b78f-bbad-472d-85eb-5f467fb8da31,205,Marks
WELLS,2003-08-13 08:55:13-07,WELLS,2006-12-14 09:28:28-08,85fa16d1-6863-4664-b6d0-c526342c1672,NA,Not Applicable
WELLS,2003-08-13 08:55:14-07,WELLS,2006-12-14 09:28:28-08,cd38a6b5-50fb-4564-ba2a-61fc7615435c,206,Gordon Starozik
WELLS,2003-08-13 08:55:14-07,WELLS,2006-12-14 09:28:28-08,a7453fcd-a10e-4ca8-af79-aee4de697adf,207,Bob Pratt
WELLS,2003-08-13 08:55:14-07,WELLS,2006-12-14 09:28:28-08,075bdb32-150c-4191-9abe-5c6abd485213,208,Allan Jacobson
WELLS,2003-08-13 08:55:14-07,WELLS,2006-12-14 09:28:28-08,ab11e44f-d3e8-4352-a243-60903303338d,211,"Depeel, R."
WELLS,2003-08-13 08:55:14-07,WELLS,2006-12-14 09:28:28-08,cf3d894e-7de0-4c3e-a25d-39823c1fb692,212,"Anderson, Clarence"
WELLS,2003-08-13 08:55:14-07,WELLS,2006-12-14 09:28:28-08,331c01e7-0b9f-441b-ae3f-a56ecd877210,213,C. M. & S.
WELLS,2003-08-13 08:55:14-07,WELLS,2006-12-14 09:28:28-08,d07144f9-6da5-4cd0-a20f-ec44c0ab1d69,214,Flite Drill
WELLS,2003-08-13 08:55:14-07,WELLS,2006-12-14 09:28:28-08,4fd1a566-5223-4077-b435-a4ceac4edc7b,217,Brandt Bros. Well Drilling
WELLS,2003-08-13 08:55:14-07,WELLS,2006-12-14 09:28:28-08,cd795564-c592-4840-a2db-7f91b4f10acd,219,Hartwig
WELLS,2003-08-13 08:55:14-07,WELLS,2006-12-14 09:28:28-08,cc8e7e6e-df65-433f-a854-75e80fc72823,222,"Erichuck, Alexander"
WELLS,2003-08-13 08:55:14-07,WELLS,2006-12-14 09:28:28-08,fe197276-9f68-4493-9831-46af7395259f,223,Sage Hills Well Drilling
WELLS,2003-08-13 08:55:14-07,WELLS,2006-12-14 09:28:28-08,3c434731-0cfd-4f51-b27a-4d0d81770f00,224,Maitland Explorations
WELLS,2003-08-13 08:55:14-07,WELLS,2006-12-14 09:28:28-08,6b44835d-b7b6-4203-82ec-9d4cf12fd152,225,F. Weldwood
WELLS,2003-08-13 08:55:14-07,WELLS,2006-12-14 09:28:28-08,c5c5621a-e252-4994-9b89-5f0e1943805a,228,Becker Drilling
WELLS,2003-08-13 08:55:14-07,WELLS,2006-12-14 09:28:28-08,97f5276f-92ab-4fbf-9e7f-2669e3770609,229,Horse Creek Welding
WELLS,2003-08-13 08:55:14-07,WELLS,2006-12-14 09:28:28-08,db4bbb76-116d-407d-b8ea-b8cec0e87c9c,144,International Water Supply
WELLS,2003-08-13 08:55:14-07,WELLS,2006-12-14 09:28:28-08,69f5459a-5ec1-49e1-94b6-58b0eb90b368,145,Weston Water Wells
WELLS,2003-08-13 08:55:14-07,WELLS,2006-12-14 09:28:28-08,1982d74b-67ca-4794-8569-74693328cfcd,146,Windecker Well Drilling
WELLS,2003-08-13 08:55:14-07,WELLS,2006-12-14 09:28:28-08,d02e6218-da52-4644-ad27-8846c1094193,148,Knight's Rat Hole Drilling
WELLS,2003-08-13 08:55:14-07,WELLS,2006-12-14 09:28:28-08,bbdc8d1e-e2a3-484b-baa7-4d4ec355371c,149,Siluch's Rat Hole Drilling
WELLS,2003-08-13 08:55:14-07,WELLS,2006-12-14 09:28:28-08,27b16ef8-36f7-4f9a-9954-fb394df45162,150,"Williams, Fenn"
WELLS,2003-08-13 08:55:14-07,WELLS,2006-12-14 09:28:28-08,e8c8a549-3658-4ed8-820b-24516772b62a,151,Osoyoos Tile Works
WELLS,2003-08-13 08:55:14-07,WELLS,2006-12-14 09:28:28-08,0fd9e9cd-1a8f-477a-8961-bea22a4b11cd,152,Mads Jensen
WELLS,2003-08-13 08:55:14-07,WELLS,2006-12-14 09:28:28-08,8dbcb373-7b99-4009-b8ac-93e6cfb29dd1,153,Charlie Olsen
WELLS,2003-08-13 08:55:14-07,WELLS,2006-12-14 09:28:28-08,f1c814a4-1d28-4cc2-afaf-0e89b28c56ba,154,Claude Driver
WELLS,2003-08-13 08:55:14-07,WELLS,2006-12-14 09:28:28-08,7fb3440e-a271-40ab-b227-6116caa19f05,155,Ted Lund
WELLS,2003-08-13 08:55:14-07,WELLS,2006-12-14 09:28:28-08,74282bcf-b44f-495f-96c9-50478031d83c,156,John Lund
WELLS,2003-08-13 08:55:14-07,WELLS,2006-12-14 09:28:28-08,f212ca1b-d8ab-4f4d-9ca9-ebb66af2daa3,157,Leonard Nepsted
WELLS,2003-08-13 08:55:14-07,WELLS,2006-12-14 09:28:28-08,f9431cd7-017c-447d-926d-b48c26a7bb57,158,I . & M.  Drilling
WELLS,2003-08-13 08:55:14-07,WELLS,2006-12-14 09:28:28-08,4f480de2-33e3-4df7-ac35-598aef32edaf,159,Black Diamond Well Drilling
WELLS,2003-08-13 08:55:14-07,WELLS,2006-12-14 09:28:28-08,d9aa680f-c391-4272-8bc1-155e14c4ba63,230,"Gording, Larry"
WELLS,2003-08-13 08:55:14-07,WELLS,2006-12-14 09:28:28-08,aa69a3c6-1bbf-4cf8-98d7-8a86d3e31c32,231,Highmoor
WELLS,2003-08-13 08:55:14-07,WELLS,2006-12-14 09:28:28-08,1da2644f-7693-4c64-abb3-18ff50f7c04d,232,M. Aitken
WELLS,2003-08-13 08:55:14-07,WELLS,2006-12-14 09:28:28-08,1b470056-9c63-4e59-ae5d-065afd1d1b3f,235,Mowat
WELLS,2003-08-13 08:55:14-07,WELLS,2006-12-14 09:28:28-08,2583ce56-c775-41fb-8c2b-2fac6f0646d3,236,Don Stone
WELLS,2003-08-13 08:55:14-07,WELLS,2006-12-14 09:28:28-08,2822670b-6394-4437-ac44-c4c7d4785477,237,Cowichan Concrete
WELLS,2003-08-13 08:55:14-07,WELLS,2006-12-14 09:28:28-08,2b59fd3e-3aef-4957-8729-80046f10561a,241,"Fritts, H. C."
WELLS,2003-08-13 08:55:14-07,WELLS,2006-12-14 09:28:28-08,d44a0e3d-7461-41c9-9bdf-d215fb9e0957,242,"Brouwer, J."
WELLS,2003-08-13 08:55:14-07,WELLS,2006-12-14 09:28:28-08,47026b8d-1c46-42f0-ab67-6b9990e9308d,245,"Fall, H. T."
WELLS,2003-08-13 08:55:14-07,WELLS,2006-12-14 09:28:28-08,914b637c-50ff-44bd-b2a3-37d86bdb24ce,246,Bywell
WELLS,2003-08-13 08:55:14-07,WELLS,2006-12-14 09:28:28-08,ebc5f74d-fedb-45ed-b8cc-a13fd5478b90,247,Kellen & Sons
WELLS,2003-08-13 08:55:14-07,WELLS,2006-12-14 09:28:28-08,eca55d9d-d3f5-4531-a2f6-cdcbfb045c94,250,"Abbott, Mel"
WELLS,2003-08-13 08:55:14-07,WELLS,2006-12-14 09:28:28-08,c0261a3e-93f0-45d1-b1d5-9bd01d73a24b,251,"O'Donnell, W. J."
WELLS,2003-08-13 08:55:14-07,WELLS,2006-12-14 09:28:28-08,038abcff-637f-412c-af0a-57ad0bce166b,252,"Dickie, B."
WELLS,2003-08-13 08:55:14-07,WELLS,2006-12-14 09:28:28-08,561d0932-e291-4279-9a75-e7619920961e,253,Hillbank Excavating
WELLS,2003-08-13 08:55:14-07,WELLS,2006-12-14 09:28:28-08,2d7f642a-9c1e-4674-9557-7d7c60185e63,110,Pepin Enterprises
WELLS,2003-08-13 08:55:14-07,WELLS,2006-12-14 09:28:28-08,19c2c6f4-4e70-47e5-b2ab-8be49c8ac51f,112,Pine Drilling
WELLS,2003-08-13 08:55:14-07,WELLS,2006-12-14 09:28:28-08,3f9fa04d-4d86-458a-9670-7b397075c4b4,113,P. G.  & Q.  Drilling
WELLS,2003-08-13 08:55:14-07,WELLS,2006-12-14 09:28:28-08,fb4de0e4-4f34-4e89-80c8-1d1170bf2e3f,114,P.  McConnell Well Drilling
WELLS,2003-08-13 08:55:14-07,WELLS,2006-12-14 09:28:28-08,34dc6535-96c3-4117-8458-fe480c9e4508,115,Quality Well Drilling
WELLS,2003-08-13 08:55:14-07,WELLS,2006-12-14 09:28:28-08,f8a789db-290e-4d6a-a6d2-f0408ea4b961,117,Red William's Drilling
WELLS,2003-08-13 08:55:14-07,WELLS,2006-12-14 09:28:28-08,a646e3dd-cd46-4d2e-919c-538587a6ced7,363,"Hanson, Ray"
WELLS,2003-08-13 08:55:14-07,WELLS,2006-12-14 09:28:28-08,762798a7-db9e-429c-be28-3c1050b572e5,364,Argus Drilling
WELLS,2003-08-13 08:55:14-07,WELLS,2006-12-14 09:28:28-08,ee99701f-5e98-43ea-bc8a-06892bbcbed4,365,Spruce Capital Well Drilling
WELLS,2003-08-13 08:55:14-07,WELLS,2006-12-14 09:28:28-08,516a9c71-dcf9-4b1b-b447-60bfd4a36d20,366,"Pidherney, Norm"
WELLS,2003-08-13 08:55:15-07,WELLS,2006-12-14 09:28:28-08,4ec1bef0-ddec-43e4-b773-8cb126fe84ba,369,C. B. H. Drilling
WELLS,2003-08-13 08:55:15-07,WELLS,2006-12-14 09:28:28-08,20103ac3-0b40-4c24-bb78-8e7e99cf62f2,370,"McGuire, Bob"
WELLS,2003-08-13 08:55:15-07,WELLS,2006-12-14 09:28:28-08,16037843-10c1-4f0a-8102-7689fe6eccb8,371,Prince George Drilling
WELLS,2003-08-13 08:55:15-07,WELLS,2006-12-14 09:28:28-08,73ab229b-22ed-4650-ae37-1e00ce1835d2,372,North Diamond Drilling
WELLS,2003-08-13 08:55:15-07,WELLS,2006-12-14 09:28:28-08,dc872b7c-49fd-40af-b0e0-457233543793,375,"Fair, F. A. Drilling"
WELLS,2003-08-13 08:55:15-07,WELLS,2006-12-14 09:28:28-08,aacc9de3-331c-4dcb-baf7-11fbfc485d2a,376,"Bergie, Louie"
WELLS,2003-08-13 08:55:15-07,WELLS,2006-12-14 09:28:28-08,c8611543-059b-4466-95ab-fd32c78d5a30,377,B. & W. Drilling
WELLS,2003-08-13 08:55:15-07,WELLS,2006-12-14 09:28:28-08,e0614d0f-6858-410c-8621-1b22c46f2670,381,Rapid Drilling Ltd.
WELLS,2003-08-13 08:55:15-07,WELLS,2006-12-14 09:28:28-08,a1f639a2-eb1c-4126-80cd-c5782ee3005b,382,"Mastrian, Pat"
WELLS,2003-08-13 08:55:15-07,WELLS,2006-12-14 09:28:28-08,7fa4548f-164c-4b04-b3e9-9bfc4a52d6f0,385,Everett's Water Well Service
WELLS,2003-08-13 08:55:15-07,WELLS,2006-12-14 09:28:28-08,5266094c-f933-4713-93fc-fe9a2866a21c,386,"Vandergaag, Wayne"
WELLS,2003-08-13 08:55:15-07,WELLS,2006-12-14 09:28:28-08,a70f144c-6031-4a3d-86f6-d8802c55c77e,387,"Klettre, Gust"
WELLS,2003-08-13 08:55:15-07,WELLS,2006-12-14 09:28:28-08,641aac79-23ec-4d3f-bbbf-dbda5987fb63,388,"Wilson, Earl"
WELLS,2003-08-13 08:55:15-07,WELLS,2006-12-14 09:28:28-08,2d09445b-1f77-49d0-9125-31650704e025,391,Hadlin
WELLS,2003-08-13 08:55:15-07,WELLS,2006-12-14 09:28:28-08,c3f767a7-485b-4182-b521-ae642450b414,392,Sherman Drilling
WELLS,2003-08-13 08:55:15-07,WELLS,2006-12-14 09:28:28-08,34d6d72b-830c-488f-ae21-ea0cd1543193,393,Foundation Test Boring Ltd.
WELLS,2003-08-13 08:55:15-07,WELLS,2006-12-14 09:28:28-08,d0b47e86-2a84-4f2e-90b2-069dc3393e20,396,Clearwater Water Drilling Ltd.
WELLS,2003-08-13 08:55:15-07,WELLS,2006-12-14 09:28:28-08,356bf5ae-a34c-46d9-abca-7e013772ee4b,397,Bonney Well Drilling
WELLS,2003-08-13 08:55:15-07,WELLS,2006-12-14 09:28:28-08,2150a087-25e0-47e8-a801-c37442ee9b04,398,H-Rate Drilling Co.
WELLS,2003-08-13 08:55:15-07,WELLS,2006-12-14 09:28:28-08,464bdb26-7397-4cdb-b0c8-eee60a05b8e1,399,Artesia Drilling
WELLS,2003-08-13 08:55:15-07,WELLS,2006-12-14 09:28:28-08,11a6e09b-12f3-4e7d-85af-56ab45d7f655,400,M. R. Hall Drilling Co.
WELLS,2003-08-13 08:55:15-07,WELLS,2006-12-14 09:28:28-08,6ffd37ab-0607-42b7-bfae-a31730d5b633,403,Well-Tec Drilling
WELLS,2003-08-13 08:55:15-07,WELLS,2006-12-14 09:28:28-08,54d096ac-372f-4580-8d03-d8943b3b89c1,405,"Crukshank, F."
WELLS,2003-08-13 08:55:15-07,WELLS,2006-12-14 09:28:28-08,396142ad-1f19-4a9e-bc91-312ae15c14a8,406,"Steinbru, Kolbjorn"
WELLS,2003-08-13 08:55:15-07,WELLS,2006-12-14 09:28:28-08,b92df4f9-cb28-411a-bc09-d25a726af69d,407,Hi Rate Drilling
WELLS,2003-08-13 08:55:15-07,WELLS,2006-12-14 09:28:28-08,52f7fdcc-359f-4fb3-bfe8-1539e40118dc,408,"Beddington, Ellis"
WELLS,2003-08-13 08:55:15-07,WELLS,2006-12-14 09:28:28-08,4004f3bb-3c0d-45f5-b33c-8dffd1bf6a3a,411,"Ross, Les"
WELLS,2003-08-13 08:55:15-07,WELLS,2006-12-14 09:28:28-08,39e8f87f-d3eb-44ec-9ffd-3cd55c52aee2,412,S. D. S. Drilling
WELLS,2003-08-13 08:55:15-07,WELLS,2006-12-14 09:28:28-08,cc2e8fc8-3331-42b5-b938-247cd477d29f,413,"Cotter, Douglas"
WELLS,2003-08-13 08:55:15-07,WELLS,2006-12-14 09:28:28-08,74a33da5-12d6-4fd4-bf1d-1c11210def5b,414,J. R. Drilling
WELLS,2003-08-13 08:55:15-07,WELLS,2006-12-14 09:28:28-08,c0ebdb5a-c40a-4e05-9d5d-56a8c6bf8d38,417,Camfield Drilling
WELLS,2003-08-13 08:55:15-07,WELLS,2006-12-14 09:28:28-08,046c109c-4a6d-4560-acea-22a3abab0a5b,420,Triple D Drillers
WELLS,2003-08-13 08:55:15-07,WELLS,2006-12-14 09:28:28-08,53118f99-4244-4655-95f9-4402a50b3f6d,421,Tom Curial
WELLS,2003-08-13 08:55:15-07,WELLS,2006-12-14 09:28:28-08,2712ba2d-a153-4157-8580-efa0a8407608,422,Double D Drilling
WELLS,2003-08-13 08:55:15-07,WELLS,2006-12-14 09:28:28-08,8865ffa3-1f15-4488-b266-a18799d1db38,423,Dave Vandal
WELLS,2003-08-13 08:55:15-07,WELLS,2006-12-14 09:28:28-08,29e93900-e6dc-4fbe-afe4-550ddf41c7e5,424,Lew Jones
WELLS,2003-08-13 08:55:15-07,WELLS,2006-12-14 09:28:28-08,1d6b877d-65c0-4683-a1f4-260a52317155,427,David Vandal
WELLS,2003-08-13 08:55:15-07,WELLS,2006-12-14 09:28:28-08,d0c2f46b-6845-40f6-9ae2-390ec3f2defe,428,Paul Moe
WELLS,2003-08-13 08:55:15-07,WELLS,2006-12-14 09:28:28-08,1ad81693-38d6-406f-a7de-e9298101d423,429,Albert Kaye & Sons Drilling
WELLS,2003-08-13 08:55:15-07,WELLS,2006-12-14 09:28:28-08,d7e4283c-ea1c-454e-b4ca-ec7b62d95d85,430,Thorman Drilling
WELLS,2003-08-13 08:55:15-07,WELLS,2006-12-14 09:28:28-08,7db4e54a-47f8-49f4-b8ec-6e8e11e8b233,431,Robbins Water Wells & Pump Service
WELLS,2003-08-13 08:55:15-07,WELLS,2006-12-14 09:28:28-08,66db7538-5182-4e5f-859d-ab5942acd81c,439,Foundex Exploration Ltd.
WELLS,2003-08-13 08:55:15-07,WELLS,2006-12-14 09:28:28-08,2aa70e04-7c05-4294-b80a-10832cc27fe0,441,Alberta Southern Exploration
WELLS,2003-08-13 08:55:15-07,PROXY_WELLS,2012-04-04 14:25:40-07,e2a508a2-e481-4731-8a9b-becf3a913cd7,443,Aqua Drilling Srvcs
WELLS,2003-08-13 08:55:15-07,WELLS,2006-12-14 09:28:28-08,9db6ee86-1401-41fd-8b04-9cf6877ecbfe,462,Tydan Water Wells
WELLS,2003-08-13 08:55:15-07,WELLS,2006-12-14 09:28:28-08,e3026564-8050-4737-8291-51fa54bc439e,465,Bud's Water Wells
WELLS,2003-08-13 08:55:15-07,WELLS,2006-12-14 09:28:28-08,501122a1-19bc-435e-b680-73b1f5bbf86a,435,Kumnik Developments Inc.
WELLS,2003-08-13 08:55:15-07,WELLS,2006-12-14 09:28:28-08,45c34e6f-b881-4068-bab5-143e785ab78b,436,Caswell's West-Coast Drilling
WELLS,2003-08-13 08:55:15-07,WELLS,2006-12-14 09:28:28-08,2c15cd76-ee0a-45aa-b5b7-1083ad66ade3,437,Thompson Drilling
WELLS,2003-08-13 08:55:15-07,WELLS,2006-12-14 09:28:28-08,149604ad-672f-4583-affc-137042819b70,445,Don Webber
WELLS,2003-08-13 08:55:15-07,WELLS,2006-12-14 09:28:28-08,6be40dfe-1c42-4c2c-a3df-afe82809b4fc,446,Waterfall Drilling
WELLS,2003-08-13 08:55:15-07,WELLS,2006-12-14 09:28:28-08,bfebc9a7-9612-4c4b-a9a6-1de647534280,451,Cascade Drilling
WELLS,2003-08-13 08:55:15-07,WELLS,2006-12-14 09:28:28-08,140077ab-a90a-41c7-91a8-52dbc749ad69,452,Jim Donald
WELLS,2003-08-13 08:55:15-07,PROXY_WELLS,2008-03-31 15:12:18-07,692e4a55-74a4-42ae-9e3c-8f518f383c14,453,A. & H.  Drilling Ltd.
WELLS,2003-08-13 08:55:15-07,WELLS,2006-12-14 09:28:28-08,04f271a3-5fae-4344-9b7d-6cd2b7b6f8d5,454,Cyclone Drilling Ltd.
WELLS,2003-08-13 08:55:15-07,WELLS,2006-12-14 09:28:28-08,cded940d-ec54-445b-878e-f4ebf021ff35,455,Dominion Rathole Drilling
WELLS,2003-08-13 08:55:15-07,WELLS,2006-12-14 09:28:28-08,f6f30d40-d9a3-4bcd-bd7f-3b61fd75d8e6,457,McAllister Water Wells
WELLS,2003-08-13 08:55:15-07,WELLS,2006-12-14 09:28:28-08,e06d51b1-b31e-45b1-b1e3-cfca55bb06a6,458,Cliff Nelson
WELLS,2003-08-13 08:55:15-07,WELLS,2006-12-14 09:28:28-08,bed3aa91-0585-48cf-983d-cea47b7c24e5,460,Steve's Drilling
WELLS,2003-08-13 08:55:15-07,WELLS,2006-12-14 09:28:28-08,2b4b1b00-765c-4adf-ad02-222079b8769f,461,Bergen Water Wells
WELLS,2003-08-13 08:55:15-07,WELLS,2006-12-14 09:28:28-08,bdc2fb86-a387-45f9-a91c-288170940227,464,Randy Miller Contracting
WELLS,2003-08-13 08:55:15-07,WELLS,2006-12-14 09:28:28-08,f01d25a1-e44c-44ff-8e7d-ab8921f95149,466,"Bakstad, Robert E."
WELLS,2003-08-13 08:55:14-07,WELLS,2006-12-14 09:28:28-08,48371b17-144a-48a7-b1ca-a943c80edd61,109,Pacific Pump & Pressure
WELLS,2003-08-13 08:55:14-07,WELLS,2006-12-14 09:28:28-08,8bd811c3-8d91-47b8-96fa-d5630433b6cd,257,"Strasser, R. J."
WELLS,2003-08-13 08:55:14-07,WELLS,2006-12-14 09:28:28-08,63acc22e-325e-406b-964e-9e1e961a6697,259,"Corso, Tony"
WELLS,2003-08-13 08:55:14-07,WELLS,2006-12-14 09:28:28-08,7d7fe3fb-33a9-4e18-85b1-db857b1ff02a,260,Sanders Drilling
WELLS,2003-08-13 08:55:14-07,WELLS,2006-12-14 09:28:28-08,e89ab9f4-5b06-432a-ab27-9acfc13783a0,263,Robertson's Pump Sales
WELLS,2003-08-13 08:55:14-07,WELLS,2006-12-14 09:28:28-08,6f445364-e167-4e6c-b073-4781e6633bdf,265,Friesen Drilling
WELLS,2003-08-13 08:55:14-07,WELLS,2006-12-14 09:28:28-08,615c02ac-45c2-4d81-a285-0598f0e25380,266,Jannsen
WELLS,2003-08-13 08:55:14-07,WELLS,2006-12-14 09:28:28-08,675e4591-b9be-41a5-9ffd-b9b1c19ac6f2,267,MacMillan Bloedel
WELLS,2003-08-13 08:55:14-07,WELLS,2006-12-14 09:28:28-08,e987dd72-63b8-45f0-92c7-c120f2913903,264,Valentine
WELLS,2003-08-13 08:55:14-07,WELLS,2006-12-14 09:28:28-08,9fb5fe12-5271-49a4-9859-e1c7d47ab144,270,"Gunn, Tom"
WELLS,2003-08-13 08:55:14-07,WELLS,2006-12-14 09:28:28-08,c013f305-fce3-4546-aa73-9422e905861c,271,"Debeck, Joe"
WELLS,2003-08-13 08:55:14-07,WELLS,2006-12-14 09:28:28-08,38e09c1e-fc5b-4f5f-ac46-bac5c3401a96,272,Swanson
WELLS,2003-08-13 08:55:14-07,WELLS,2006-12-14 09:28:28-08,16bf2ee1-3cff-43fa-b4d5-b36dee896fc0,273,White Rock Water Wells
WELLS,2003-08-13 08:55:14-07,WELLS,2006-12-14 09:28:28-08,71642d57-b881-4686-b278-3844a1bd7806,276,"Senay, E. A."
WELLS,2003-08-13 08:55:14-07,WELLS,2006-12-14 09:28:28-08,26030a46-9674-4c38-b00e-246d825f9fca,277,McCluggen
WELLS,2003-08-13 08:55:14-07,WELLS,2006-12-14 09:28:28-08,371148b5-a080-449e-9fc6-6c8cd62d0a58,279,Finch
WELLS,2003-08-13 08:55:14-07,WELLS,2006-12-14 09:28:28-08,14fc0f25-16ee-48d1-9db8-c1a500192d69,282,"Rigden, J."
WELLS,2003-08-13 08:55:14-07,WELLS,2006-12-14 09:28:28-08,a8ef5bcf-99d1-4682-ae5a-e458de44482a,283,Emerson
WELLS,2003-08-13 08:55:14-07,WELLS,2006-12-14 09:28:28-08,12c6bf11-dbf0-4ab5-ab61-54ada5a04e33,284,N. & H. Water Well Drilling
WELLS,2003-08-13 08:55:14-07,WELLS,2006-12-14 09:28:28-08,13a67328-5974-4b1b-b71b-34ebbf35bf82,287,Lee
WELLS,2003-08-13 08:55:14-07,WELLS,2006-12-14 09:28:28-08,31ef04f7-d33f-4509-9dd3-f2a6dc0c7e4f,288,Atlas Drilling
WELLS,2003-08-13 08:55:14-07,WELLS,2006-12-14 09:28:28-08,a5642ef8-ed5d-4c17-8646-6b55e1edac5c,289,Long
WELLS,2003-08-13 08:55:14-07,WELLS,2006-12-14 09:28:28-08,828bc09b-e6d6-43ad-a6b2-571bef3a4414,290,Burtwell
WELLS,2003-08-13 08:55:14-07,WELLS,2006-12-14 09:28:28-08,c298f5f0-6b21-4819-b27d-471e4376a843,293,Stromston
WELLS,2003-08-13 08:55:14-07,WELLS,2006-12-14 09:28:28-08,c0d0459f-33f8-48a9-a89e-3f4b83c0337a,294,McKinney Labs
WELLS,2003-08-13 08:55:14-07,WELLS,2006-12-14 09:28:28-08,06f170f5-53f0-45f1-b5d5-1680267ce7d7,295,Boothroyd
WELLS,2003-08-13 08:55:14-07,WELLS,2006-12-14 09:28:28-08,39d552ff-af81-4471-9618-76fc517069ee,298,Mud Bay Drilling
WELLS,2003-08-13 08:55:14-07,WELLS,2006-12-14 09:28:28-08,43ef6dec-953a-4a82-b923-fcf201c6b92c,299,Albert Aikens & Forrester
WELLS,2003-08-13 08:55:14-07,WELLS,2006-12-14 09:28:28-08,5b9e67d9-b86f-454a-b093-ac620132f384,300,Norris
WELLS,2003-08-13 08:55:14-07,WELLS,2006-12-14 09:28:28-08,f451c45b-be6a-4fb1-977a-80c60e5bc1a9,301,Dake
WELLS,2003-08-13 08:55:14-07,WELLS,2006-12-14 09:28:28-08,4296a719-4b04-422a-944c-f43a5d73bffb,305,Cambray
WELLS,2003-08-13 08:55:14-07,WELLS,2006-12-14 09:28:28-08,b1774f14-e8f1-4009-b475-d4abf91c0163,306,Swedish Brothers
WELLS,2003-08-13 08:55:14-07,WELLS,2006-12-14 09:28:28-08,a8b4acd3-d0cd-469b-aa85-f632179f6a51,309,"Oglend, K. E."
WELLS,2003-08-13 08:55:14-07,WELLS,2006-12-14 09:28:28-08,01fb0256-7f11-4e11-a7ca-afbd2f0f8362,310,Saunders
WELLS,2003-08-13 08:55:14-07,WELLS,2006-12-14 09:28:28-08,7081639a-9f2f-4c49-b930-5458afb444ca,311,"MacIntee, D."
WELLS,2003-08-13 08:55:14-07,WELLS,2006-12-14 09:28:28-08,f204ec88-6e61-4366-9906-f3653489e099,312,Harden Drilling
WELLS,2003-08-13 08:55:14-07,WELLS,2006-12-14 09:28:28-08,9f4ae753-724f-445e-b62b-bfd42fa4f782,315,Delong Drilling
WELLS,2003-08-13 08:55:14-07,WELLS,2006-12-14 09:28:28-08,ff5a46ef-8ab6-41a4-9a9b-efa80ef4fcac,316,Maiks
WELLS,2003-08-13 08:55:14-07,WELLS,2006-12-14 09:28:28-08,321f2de9-10cb-434c-8704-e59b4c4b8051,317,Whitney
WELLS,2003-08-13 08:55:14-07,WELLS,2006-12-14 09:28:28-08,4ffa8749-f5b0-43d0-8c8f-8f75588421d3,318,"Thomas, J."
WELLS,2003-08-13 08:55:14-07,WELLS,2006-12-14 09:28:28-08,58f9fd4c-76cb-49c9-93f4-06113268cb8f,321,Moore & Sons
WELLS,2003-08-13 08:55:14-07,WELLS,2006-12-14 09:28:28-08,16eedad6-c0a8-4d4d-a3ab-557e94b8a044,322,Floating
WELLS,2003-08-13 08:55:14-07,WELLS,2006-12-14 09:28:28-08,c92e9f26-ca63-4999-a6e1-941720b7ba62,325,Murphy
WELLS,2003-08-13 08:55:14-07,WELLS,2006-12-14 09:28:28-08,26bf2691-2db1-43d6-bd92-10d3a733ad2e,326,Skillan
WELLS,2003-08-13 08:55:14-07,WELLS,2006-12-14 09:28:28-08,9826ff10-2711-4ac3-b278-e35f925732df,327,Mc & Mc
WELLS,2003-08-13 08:55:14-07,WELLS,2006-12-14 09:28:28-08,4994617a-0930-423d-85c6-992adb4b6e26,328,Jenkins
WELLS,2003-08-13 08:55:14-07,WELLS,2006-12-14 09:28:28-08,93b5a776-7d47-4cfd-a765-4b2f5b5bd360,329,"Olsen, J."
WELLS,2003-08-13 08:55:14-07,WELLS,2006-12-14 09:28:28-08,c9ab08d2-7994-4dbf-a505-f2944380eb93,330,"McLeod, J."
WELLS,2003-08-13 08:55:14-07,WELLS,2006-12-14 09:28:28-08,c302de28-5a99-4c87-98b0-88ac199d4778,331,Hunt
WELLS,2003-08-13 08:55:14-07,WELLS,2006-12-14 09:28:28-08,60dab916-0bef-4854-89f5-e0f364fd39ea,332,Dean
WELLS,2003-08-13 08:55:14-07,WELLS,2006-12-14 09:28:28-08,24bef46e-82ee-4a1b-900d-5de31eedc9f8,333,Clark Drilling Services Ltd.
WELLS,2003-08-13 08:55:14-07,WELLS,2006-12-14 09:28:28-08,76d88efd-fe02-4f77-888e-981d5e645c76,334,Gordon
WELLS,2003-08-13 08:55:14-07,WELLS,2006-12-14 09:28:28-08,52406f9b-a62f-4acc-999e-b24d985da5c4,335,"McKay, J."
WELLS,2003-08-13 08:55:14-07,WELLS,2006-12-14 09:28:28-08,bedd57b1-c1b1-41ce-8151-b2ec3173dce8,336,Hilderman
WELLS,2003-08-13 08:55:14-07,WELLS,2006-12-14 09:28:28-08,5c16ed42-f3ac-4d6f-a956-ff7ea97413ad,337,Norguard
WELLS,2003-08-13 08:55:14-07,WELLS,2006-12-14 09:28:28-08,53bc477d-f5dc-4ef0-b872-a52c0f863bdd,338,"Moran, R."
WELLS,2003-08-13 08:55:14-07,WELLS,2006-12-14 09:28:28-08,850e8b58-d90e-4034-a0a3-7d9ace7ae059,339,Gibson
WELLS,2003-08-13 08:55:14-07,WELLS,2006-12-14 09:28:28-08,ffb3ddce-1ed1-4a25-b4d2-5e6f9e84d2db,340,Ogden
WELLS,2003-08-13 08:55:14-07,WELLS,2006-12-14 09:28:28-08,d44d1eaa-f016-42c5-94df-0f632240a42d,341,"Wasylenchuck, Bill"
WELLS,2003-08-13 08:55:14-07,WELLS,2006-12-14 09:28:28-08,3298d239-a07f-49a5-806c-812fe112ff7d,342,Havelock
WELLS,2003-08-13 08:55:14-07,WELLS,2006-12-14 09:28:28-08,ad0a9e80-a233-4ad6-bcaa-6bf0e930083d,343,Reimer
WELLS,2003-08-13 08:55:14-07,WELLS,2006-12-14 09:28:28-08,dda6e8ee-e03e-4e9e-a7ec-db122367a040,344,Mobil Drill
WELLS,2003-08-13 08:55:14-07,WELLS,2006-12-14 09:28:28-08,17989fd1-ce9a-4ae9-8660-dccd43e094a1,345,D. & L. Enterprises
WELLS,2003-08-13 08:55:14-07,WELLS,2006-12-14 09:28:28-08,183260a1-3493-4ccf-a4ab-2a2f18057348,346,Scotty Creek Drilling
WELLS,2003-08-13 08:55:14-07,WELLS,2006-12-14 09:28:28-08,a920d166-24f1-4d47-9a38-99ef271fe22a,347,Kamloops Drillers
WELLS,2003-08-13 08:55:14-07,WELLS,2006-12-14 09:28:28-08,121f5b96-0a2e-489f-a96d-191cb1bfc830,348,"Lewis, R. D."
WELLS,2003-08-13 08:55:14-07,WELLS,2006-12-14 09:28:28-08,cc815408-35e9-44e2-aad4-39ba872a16b5,349,San-a-Zay Drilling
WELLS,2003-08-13 08:55:14-07,WELLS,2006-12-14 09:28:28-08,5ad7cd4f-e22f-43ef-9f85-a842b37ec371,350,"Hanks, M."
WELLS,2003-08-13 08:55:14-07,WELLS,2006-12-14 09:28:28-08,f310e805-ed47-4fa3-8473-6f43258ffd8d,351,Miller's Drilling & Welding
WELLS,2003-08-13 08:55:14-07,WELLS,2006-12-14 09:28:28-08,57350ce1-db09-4799-8324-f8a854c2801c,352,Phil's Drilling
WELLS,2003-08-13 08:55:14-07,WELLS,2006-12-14 09:28:28-08,10953f6f-2abd-4279-851c-70a03e10479e,353,"Blake, Tom"
WELLS,2003-08-13 08:55:14-07,WELLS,2006-12-14 09:28:28-08,13c0cb7b-1fee-44ab-b413-937fe4fc3603,354,"Gailey, John"
WELLS,2003-08-13 08:55:14-07,WELLS,2006-12-14 09:28:28-08,b681c58f-f9e8-4aa7-aab0-8031fcf2ffb1,355,3 W  Drilling
WELLS,2003-08-13 08:55:14-07,WELLS,2006-12-14 09:28:28-08,94f6bdda-d987-47af-bb36-caf6f7398419,356,"Ingram, Jerry"
WELLS,2003-08-13 08:55:14-07,WELLS,2006-12-14 09:28:28-08,da7174d6-ff6d-4a8f-8b37-9e2fca51a3c9,357,Caribou Drilling & Exploration
WELLS,2003-08-13 08:55:14-07,WELLS,2006-12-14 09:28:28-08,f9f1516f-0884-4c46-8f28-3fb737b406a3,358,"Richtor, Bill"
WELLS,2003-08-13 08:55:14-07,WELLS,2006-12-14 09:28:28-08,a905e72d-89ae-4846-80d5-062b5dbb18a1,359,"Issacson, Bill"
WELLS,2003-08-13 08:55:14-07,WELLS,2006-12-14 09:28:28-08,0e4a19d0-bd07-4933-98fc-e02a629770e1,360,"Misqlin, Joe"
WELLS,2003-08-13 08:55:14-07,WELLS,2006-12-14 09:28:28-08,64efec49-5522-4190-8844-1f2a9296265c,361,"Biggs, Roy"
WELLS,2003-08-13 08:55:14-07,WELLS,2006-12-14 09:28:28-08,40199e87-f4f8-4d37-bf62-3bf02e421447,037,Fraser Drilling
WELLS,2003-08-13 08:55:14-07,WELLS,2006-12-14 09:28:28-08,cc1b9db9-7fe1-48e2-a7b9-f87588eaad7e,038,Fred's Drilling
WELLS,2003-08-13 08:55:14-07,WELLS,2006-12-14 09:28:28-08,4b1045ea-7b50-4a7a-98db-400db3280c93,039,Fyfe's Well Drilling
WELLS,2003-08-13 08:55:14-07,WELLS,2006-12-14 09:28:28-08,1d7783db-c73b-438b-b79b-3a15f5c960bb,040,General Drilling
WELLS,2003-08-13 08:55:14-07,WELLS,2006-12-14 09:28:28-08,f6c58528-3bf2-46d2-8777-4ebe0c1837ce,041,Georgie-Hanson Drilling
WELLS,2003-08-13 08:55:14-07,WELLS,2006-12-14 09:28:28-08,721f9887-3cd7-41be-9e40-181b1f35d58c,042,Gopher Water Wells
WELLS,2003-08-13 08:55:14-07,WELLS,2006-12-14 09:28:28-08,acc8b165-38a8-44b5-ba41-c75f185845f7,043,Gulf Island Well Drillers
WELLS,2003-08-13 08:55:14-07,WELLS,2006-12-14 09:28:28-08,bf5d31ea-8a5a-4363-8a5e-6c00eed03058,044,Industrial Drillers
WELLS,2003-08-13 08:55:14-07,WELLS,2006-12-14 09:28:28-08,debe40e2-0aca-46bd-99af-a4a393c0aff6,045,Interior Water Wells
WELLS,2003-08-13 08:55:14-07,WELLS,2006-12-14 09:28:28-08,48f43089-a56e-4136-8111-9c2dd3ad1ccb,415,All Western Drilling
WELLS,2003-08-13 08:55:14-07,WELLS,2006-12-14 09:28:28-08,79916e22-c704-474b-b7f6-2282bec49bff,046,Island Well Drilling
WELLS,2003-08-13 08:55:14-07,WELLS,2006-12-14 09:28:28-08,b9c2efb0-a8bb-4670-bb40-580c1e0832dd,047,J. M. S.  Drilling
WELLS,2003-08-13 08:55:14-07,WELLS,2006-12-14 09:28:28-08,253439f8-a981-444e-9d2d-c9b4f066f14d,048,Jay Dee Drilling
WELLS,2003-08-13 08:55:14-07,WELLS,2006-12-14 09:28:28-08,f189d929-32e1-492d-8422-50c31100d368,049,Joe's Drilling
WELLS,2003-08-13 08:55:14-07,WELLS,2006-12-14 09:28:28-08,376312d6-c18e-4824-989e-b65d513d3773,050,Johnson Well Drilling
WELLS,2003-08-13 08:55:14-07,WELLS,2006-12-14 09:28:28-08,0df0dcdd-8341-46f4-81f4-27fd4f755d23,051,Jim Clent Drilling
WELLS,2003-08-13 08:55:14-07,WELLS,2006-12-14 09:28:28-08,d31b711d-e89f-403c-b9c2-c5d7142a664c,052,Imperial Well Drilling
WELLS,2003-08-13 08:55:14-07,WELLS,2006-12-14 09:28:28-08,d5b3f8b1-25f8-47c5-8b85-832e23e7cb26,053,Hi-Land Well Drilling
WELLS,2003-08-13 08:55:14-07,WELLS,2006-12-14 09:28:28-08,033b18cb-a83a-4cf2-aad3-e6e9cc2bb977,054,Halvorson Drilling
WELLS,2003-08-13 08:55:14-07,WELLS,2006-12-14 09:28:28-08,20538064-5029-45f4-a5da-d5cd42a82f3d,055,Fred Freeman Drilling
WELLS,2003-08-13 08:55:14-07,WELLS,2006-12-14 09:28:28-08,108adf0c-ef26-4af7-8a86-ce2fe1f01e01,056,A. B. C.  Drillers
WELLS,2003-08-13 08:55:14-07,WELLS,2006-12-14 09:28:28-08,f6976e77-4b4e-4550-a358-b04f94f2cfa6,057,A. C. Drillers
WELLS,2003-08-13 08:55:14-07,WELLS,2006-12-14 09:28:28-08,f8304133-f0c2-4a7f-8000-caa9efb59e8e,058,ABCO Water Wells
WELLS,2003-08-13 08:55:14-07,WELLS,2006-12-14 09:28:28-08,48a42aea-4313-42fd-ad0b-d93c3b9edaf2,059,Abel Water Wells
WELLS,2003-08-13 08:55:14-07,WELLS,2006-12-14 09:28:28-08,b8283457-478f-46ad-b19f-68a98346abeb,060,Dick Bates
WELLS,2003-08-13 08:55:14-07,WELLS,2006-12-14 09:28:28-08,3841ddc3-f077-44a5-9372-085e9c4a8fa9,061,Abercrombie Drilling
WELLS,2003-08-13 08:55:14-07,WELLS,2006-12-14 09:28:28-08,bd746e04-f792-4417-badd-b3c69ff9f7c6,062,B. & R.  Drilling
WELLS,2003-08-13 08:55:14-07,WELLS,2006-12-14 09:28:28-08,e2a089d9-43df-4a30-8565-e9061f907097,063,Brinkman Drilling
WELLS,2003-08-13 08:55:14-07,WELLS,2006-12-14 09:28:28-08,5f31261f-2fb3-4b1e-86d2-cb64ef414d7e,064,Bill Gardner
WELLS,2003-08-13 08:55:14-07,WELLS,2006-12-14 09:28:28-08,1642de1f-3576-46d1-a24f-b7e1fffe2927,065,Al The Wellman
WELLS,2003-08-13 08:55:14-07,WELLS,2006-12-14 09:28:28-08,bd0bf996-b2c9-40da-8af4-6b3b209ffe11,066,Double J  Well Drilling
WELLS,2003-08-13 08:55:14-07,WELLS,2006-12-14 09:28:28-08,aeabbd8b-51de-4b27-bce6-91a1ed06c3a7,067,Hamelin Drilling
WELLS,2003-08-13 08:55:14-07,WELLS,2006-12-14 09:28:28-08,f1c1d0f8-4320-4400-b3c3-9e225147d762,068,Cliff Baker Drilling
WELLS,2003-08-13 08:55:14-07,WELLS,2006-12-14 09:28:28-08,e96a2772-34f0-413f-b379-c7ad4cc5856c,069,J. B.  Caswell Drilling
WELLS,2003-08-13 08:55:14-07,WELLS,2006-12-14 09:28:28-08,d55f45d2-8778-472b-94b4-3fbf5efb17d5,070,C. & C.  Well Drilling
WELLS,2003-08-13 08:55:14-07,WELLS,2006-12-14 09:28:28-08,b1fe73c0-9083-440b-b7d7-317548c52905,071,James Brown Drilling
WELLS,2003-08-13 08:55:14-07,WELLS,2006-12-14 09:28:28-08,edb03572-4286-4b8b-92f9-f1b2065bf9a0,072,A. D.  Baker Drilling
WELLS,2003-08-13 08:55:14-07,WELLS,2006-12-14 09:28:28-08,6f1a3e11-819a-451e-a7c8-33bd71e5218c,073,J. P. Water Wells
WELLS,2003-08-13 08:55:14-07,WELLS,2006-12-14 09:28:28-08,4d823fce-cef5-4ed0-909d-3be4f1e45150,074,K. & W.  Water Well Drilling
WELLS,2003-08-13 08:55:14-07,WELLS,2006-12-14 09:28:28-08,c515bdbb-d938-4cd3-87e9-4e3637947580,075,Kalicum Drilling
WELLS,2003-08-13 08:55:14-07,WELLS,2006-12-14 09:28:28-08,6286631c-ab8f-4be9-b6c8-0516c45118e0,076,Ken's Drilling
WELLS,2003-08-13 08:55:14-07,WELLS,2006-12-14 09:28:28-08,b2a24c66-1db2-441b-8cf1-acc4a018cfe6,077,Kodiak Drilling
WELLS,2003-08-13 08:55:14-07,WELLS,2006-12-14 09:28:28-08,8f623596-d451-4f94-80a3-33ee1e196823,078,Dogwood Drilling
WELLS,2003-08-13 08:55:14-07,WELLS,2006-12-14 09:28:28-08,da97e971-e5a4-4e1d-b34d-e7a65669a0a8,079,Kootenay Well Drilling
WELLS,2003-08-13 08:55:14-07,WELLS,2006-12-14 09:28:28-08,09d45160-c752-478d-9886-ad7efc4ce195,080,H. & W.  Aqua Drilling
WELLS,2003-08-13 08:55:14-07,WELLS,2006-12-14 09:28:28-08,9427d806-e92d-4529-8060-d668dfb58687,081,Langley Water Wells
WELLS,2003-08-13 08:55:14-07,WELLS,2006-12-14 09:28:28-08,70c10c03-45c9-47e9-9f93-8b0c205acf15,082,Arnie's Drilling
WELLS,2003-08-13 08:55:14-07,WELLS,2006-12-14 09:28:28-08,cfd908ad-6633-4d09-b5a0-f33987a20a42,083,Aldergrove Water Wells
WELLS,2003-08-13 08:55:14-07,WELLS,2006-12-14 09:28:28-08,7a97d979-9c16-4ba4-8166-cfb71b657f72,084,Linder's Well Drilling
WELLS,2003-08-13 08:55:14-07,WELLS,2006-12-14 09:28:28-08,13eb55ef-a015-41ce-92a9-cd5e9f3d1ce5,085,Lloyd Pettit Well Drilling
WELLS,2003-08-13 08:55:14-07,WELLS,2006-12-14 09:28:28-08,8bc5e5c4-9b55-4c85-877a-2dfd7c68e8cd,086,G. & G. Well Drilling
WELLS,2003-08-13 08:55:14-07,WELLS,2006-12-14 09:28:28-08,d343dddf-d810-4dd8-be4b-a84b7d9d9a7f,087,"Lorenzen, Lee"
WELLS,2003-08-13 08:55:14-07,WELLS,2006-12-14 09:28:28-08,380a89e1-5f22-4c30-b1fa-0c2c4ca2c3fa,088,H.  Hadland
WELLS,2003-08-13 08:55:14-07,WELLS,2006-12-14 09:28:28-08,bce73d31-fc1d-4049-a540-8714cc325ff9,089,"McDonald, R. W."
WELLS,2003-08-13 08:55:14-07,WELLS,2006-12-14 09:28:28-08,1ecae0c0-7f76-4f02-b36b-4e71fb1bb665,090,McHarg Drilling
WELLS,2003-08-13 08:55:14-07,WELLS,2006-12-14 09:28:28-08,21e5b156-9a85-4029-9ebd-9b64c4dceada,091,M. S. A.  Water Drilling
WELLS,2003-08-13 08:55:14-07,WELLS,2006-12-14 09:28:28-08,a74042fd-e0f4-4ccc-8085-f29d224c1e09,092,Midnight Sun Drilling
WELLS,2003-08-13 08:55:14-07,WELLS,2006-12-14 09:28:28-08,4037edc6-1f02-44e7-9949-4c663981720e,093,M. Schibli Drilling
WELLS,2003-08-13 08:55:14-07,WELLS,2006-12-14 09:28:28-08,3760cf6c-926f-4fea-9f08-6c98805fae3c,094,Mission Well Drillers
WELLS,2003-08-13 08:55:14-07,WELLS,2006-12-14 09:28:28-08,7b65b147-071c-47f0-91d2-6f4e4dfd2dad,095,Monashee Water Wells
WELLS,2003-08-13 08:55:14-07,WELLS,2006-12-14 09:28:28-08,b60d10cd-28a0-4879-ae4d-47db3cd61345,096,Misek Bros.  Well Drilling
WELLS,2003-08-13 08:55:14-07,WELLS,2006-12-14 09:28:28-08,a814481a-28e9-4189-93ad-524bcb64dca6,097,Manville Drilling
WELLS,2003-08-13 08:55:14-07,WELLS,2006-12-14 09:28:28-08,a9c7fcf0-90e5-4295-be9d-da4da0fddaf4,098,Nechako Water Wells
WELLS,2003-08-13 08:55:14-07,WELLS,2006-12-14 09:28:28-08,60ea991e-bde7-4a7d-b26a-8f3896a1e746,099,Nelson Well Drilling
WELLS,2003-08-13 08:55:14-07,WELLS,2006-12-14 09:28:28-08,90615cb7-601b-41c0-86f5-e8c08e295894,100,Northern Water Wells
WELLS,2003-08-13 08:55:14-07,WELLS,2006-12-14 09:28:28-08,f42cc744-8c21-4199-9200-72c0c3b27e8f,101,Nor-West Drilling
WELLS,2003-08-13 08:55:14-07,WELLS,2006-12-14 09:28:28-08,8da54d3e-8325-4702-a1a4-416c85c7bc4d,102,100 Mile & Dist Well Drilling
WELLS,2003-08-13 08:55:14-07,WELLS,2006-12-14 09:28:28-08,aa99d5d0-400e-4196-b961-7536dda4778d,103,"Olynick, Robert"
WELLS,2003-08-13 08:55:14-07,PROXY_WELLS,2008-08-28 15:10:40-07,1237493e-ebd8-41e2-83ca-0a600da00bc9,104,Owen's Drilling Ltd.
WELLS,2003-08-13 08:55:14-07,WELLS,2006-12-14 09:28:28-08,b5ad524a-292d-4e1e-9cd0-82fbe5b038c3,105,Okanagan Rotary Well Drilling
WELLS,2003-08-13 08:55:14-07,WELLS,2006-12-14 09:28:28-08,166319e7-05fb-4f1c-8082-96bbc8d71ac8,255,Triumph Drillers
WELLS,2003-08-13 08:55:14-07,WELLS,2006-12-14 09:28:28-08,1016f1fb-e6b1-4c4c-8e42-7b9bd202a43a,106,Oyama Water Wells
WELLS,2003-08-13 08:55:14-07,WELLS,2006-12-14 09:28:28-08,93b322b0-a086-43d9-9ef5-80f8c0121e16,107,Lake Well Drilling
WELLS,2003-08-13 08:55:14-07,WELLS,2006-12-14 09:28:28-08,d83825a9-3957-411d-a6e7-69beb06bbabf,108,Pacific Water Wells
WELLS,2004-10-04 10:30:35-07,WELLS,2006-12-14 09:28:28-08,b0e1edb7-f21c-4406-b182-d37ba506d5cb,469,"LaBrie, Jerry"
WELLS,2005-01-07 11:27:42-08,WELLS,2006-12-14 09:28:28-08,7f4c7741-29c9-4c71-9117-83bf2b977f53,470,Cascade Drilling Ltd. & Capri Drilling (1985) Ltd.
WELLS,2003-08-13 08:55:14-07,WELLS,2006-12-14 09:28:28-08,92a71018-c486-40ee-8031-1f5ed659d0c4,209,Wingdam Wells
WELLS,2003-08-13 08:55:14-07,WELLS,2006-12-14 09:28:28-08,9ffe3e78-c7ce-4aa4-bf1c-5abbdae5b5f8,210,Joe Satre
WELLS,2003-08-13 08:55:14-07,WELLS,2006-12-14 09:28:28-08,ddd132d0-205d-417a-9402-a9918f1d1e5e,215,Zavaglia
WELLS,2003-08-13 08:55:14-07,WELLS,2006-12-14 09:28:28-08,e8d08911-ce3f-474b-ba60-9198b84e3423,216,Moras
WELLS,2003-08-13 08:55:14-07,WELLS,2006-12-14 09:28:28-08,acf86f01-c194-4482-9cde-a672b4e8ab37,220,Don Hansen Drilling
WELLS,2003-08-13 08:55:14-07,WELLS,2006-12-14 09:28:28-08,af793b64-19ff-4066-9b51-1f8b02d12fb7,221,Justin Water Wells
WELLS,2003-08-13 08:55:14-07,WELLS,2006-12-14 09:28:28-08,474a83be-7a22-4495-8ce3-a64174afffe8,226,Geotechnical Branch/Hwys.
WELLS,2003-08-13 08:55:14-07,WELLS,2006-12-14 09:28:28-08,3a93e1b3-11ca-4e88-b1da-1554d232a40c,227,"Shaw, Ted"
WELLS,2003-08-13 08:55:14-07,WELLS,2006-12-14 09:28:28-08,69799d97-74b0-42bc-a406-8e1039a41559,233,R. C. A. F.
WELLS,2003-08-13 08:55:14-07,WELLS,2006-12-14 09:28:28-08,0b55bcc8-5736-4eb6-85e5-320da3437c48,234,Butler
WELLS,2003-08-13 08:55:14-07,WELLS,2006-12-14 09:28:28-08,be4d081f-dab4-42cc-839b-945f00cd40ff,238,Barker Drilling
WELLS,2003-08-13 08:55:14-07,WELLS,2006-12-14 09:28:28-08,cd1b59c7-cbcd-4e8d-915b-887adf599bef,239,Bugbie
WELLS,2003-08-13 08:55:14-07,WELLS,2006-12-14 09:28:28-08,4b9b090a-0f7c-4422-ac03-d68b5b3d9251,243,Lafortune
WELLS,2003-08-13 08:55:14-07,WELLS,2006-12-14 09:28:28-08,f35826c7-1c0f-4a2e-8f60-292c87042c14,244,Wynen
WELLS,2003-08-13 08:55:14-07,WELLS,2006-12-14 09:28:28-08,683a14ef-f0aa-4987-849e-f80784e66891,248,"Lazelle, P. B."
WELLS,2003-08-13 08:55:14-07,WELLS,2006-12-14 09:28:28-08,9c165ce2-0d61-4e4e-8995-0565db72379b,249,Burgess
WELLS,2003-08-13 08:55:14-07,WELLS,2006-12-14 09:28:28-08,175be11e-2f01-4fa4-9d07-c8708847b772,254,Baldwin Construction
WELLS,2003-08-13 08:55:14-07,WELLS,2006-12-14 09:28:28-08,49f28de5-686c-492c-9d56-a82ab8070633,256,Robinson Drilling
WELLS,2003-08-13 08:55:14-07,WELLS,2006-12-14 09:28:28-08,1eb28f47-b346-4889-929d-58bcdf84307e,261,Canadian Collieries
WELLS,2003-08-13 08:55:14-07,WELLS,2006-12-14 09:28:28-08,f31d919d-1fe4-425e-917e-0f9b9547e584,262,"McLean, Gordon"
WELLS,2003-08-13 08:55:14-07,WELLS,2006-12-14 09:28:28-08,2f43a6a0-7fd1-4db4-aff8-595bc9f47418,268,West Coast Coal
WELLS,2003-08-13 08:55:14-07,WELLS,2006-12-14 09:28:28-08,b0759f2f-e5d0-42b9-a09c-e5b9d7be8dff,269,"Scott, William"
WELLS,2003-08-13 08:55:14-07,WELLS,2006-12-14 09:28:28-08,82e56d3f-dcf5-435c-9db1-13607fe1c22d,274,Ryle & North
WELLS,2003-08-13 08:55:14-07,WELLS,2006-12-14 09:28:28-08,4ee5e12e-8281-42e2-b489-04cddfe6a200,275,Holt & Olmgrem
WELLS,2003-08-13 08:55:14-07,WELLS,2006-12-14 09:28:28-08,dca0e4e4-63e5-480e-b5e0-b31d60f31616,281,Curtis
WELLS,2003-08-13 08:55:14-07,WELLS,2006-12-14 09:28:28-08,6baf54eb-d09b-4c45-afc1-be201ad712c7,280,Aqua-Flo Testing
WELLS,2003-08-13 08:55:14-07,WELLS,2006-12-14 09:28:28-08,a699ad8b-9585-4280-bf13-e29645d5b1d2,285,"Thompson, H."
WELLS,2003-08-13 08:55:14-07,WELLS,2006-12-14 09:28:28-08,95639af3-0689-4fcc-8c43-6e4d4e616ead,286,"Shepard, V."
WELLS,2003-08-13 08:55:14-07,WELLS,2006-12-14 09:28:28-08,6cf32f00-590e-4b4c-8aae-ca8a308ef2c1,291,Osgren
WELLS,2003-08-13 08:55:14-07,WELLS,2006-12-14 09:28:28-08,3926e04e-f562-4ecc-9957-2a996b3ab6b5,292,"Haguseth, T."
WELLS,2003-08-13 08:55:14-07,WELLS,2006-12-14 09:28:28-08,ad55d6f5-d792-456a-ab64-a27bbc89526c,296,"Williams, Bert"
WELLS,2003-08-13 08:55:14-07,WELLS,2006-12-14 09:28:28-08,1670ad41-135a-467d-8ff0-d0953657e497,297,"Gibbons, Bob"
WELLS,2003-08-13 08:55:14-07,WELLS,2006-12-14 09:28:28-08,1a707c46-3c8c-449f-804f-b5e92ddd159d,302,Breanan
WELLS,2003-08-13 08:55:14-07,WELLS,2006-12-14 09:28:28-08,3a6195ba-b6f5-4204-bb52-c30dc91dd869,303,Harrison
WELLS,2003-08-13 08:55:14-07,WELLS,2006-12-14 09:28:28-08,79f887b9-cbbb-4908-adef-2a60f99a188b,307,"Novak, Ed"
WELLS,2003-08-13 08:55:14-07,WELLS,2006-12-14 09:28:28-08,2b87f7da-9c0a-41a6-947a-108b6d064331,308,Clearwater Drilling
WELLS,2003-08-13 08:55:14-07,WELLS,2006-12-14 09:28:28-08,af6cb442-28a4-4a94-8cab-0e709dcc2c64,313,"Perry, Leo"
WELLS,2003-08-13 08:55:14-07,WELLS,2006-12-14 09:28:28-08,290fece3-9f09-4fe8-b5c1-57d4573274b4,314,"Pidherney, Bill"
WELLS,2003-08-13 08:55:14-07,WELLS,2006-12-14 09:28:28-08,9587a98e-6f0c-4cb5-97f3-6d91900c0292,319,Boyles Bros.
WELLS,2003-08-13 08:55:14-07,WELLS,2006-12-14 09:28:28-08,0422e584-f010-4d54-b409-379f8ba7bfe9,320,Richeter
WELLS,2003-08-13 08:55:14-07,WELLS,2006-12-14 09:28:28-08,d0ddb486-e6f9-4d32-a0dd-fa3777653a98,324,Sando
WELLS,2003-08-13 08:55:14-07,WELLS,2006-12-14 09:28:28-08,1b74254a-af78-40c7-a464-cde7c9b44da8,362,Big Country Drilling
WELLS,2003-08-13 08:55:15-07,WELLS,2006-12-14 09:28:28-08,37d66cc8-06f2-40aa-b0bb-956dca7fa8d8,367,Nicholson
WELLS,2003-08-13 08:55:15-07,WELLS,2006-12-14 09:28:28-08,cf829288-7768-4597-8f93-395fa1b33593,368,Star Drilling
WELLS,2003-08-13 08:55:15-07,WELLS,2006-12-14 09:28:28-08,b582ec59-dc28-4545-af43-9a8765e59998,373,"Sanderson, A. B."
WELLS,2003-08-13 08:55:15-07,WELLS,2006-12-14 09:28:28-08,3c9f2173-be2b-4160-870b-c7b377cb8e2e,374,"Marsh, Tom"
WELLS,2003-08-13 08:55:15-07,WELLS,2006-12-14 09:28:28-08,336e36d8-d831-4547-aeb7-02cef0007227,378,"Lund, Swen"
WELLS,2003-08-13 08:55:15-07,WELLS,2006-12-14 09:28:28-08,e5ab66cf-6796-4cda-a4ff-5ad20567e79c,379,Brackenear
WELLS,2003-08-13 08:55:15-07,WELLS,2006-12-14 09:28:28-08,3c03c302-e417-48f3-9302-0bd55ac25d78,383,"Norman, Duff"
WELLS,2003-08-13 08:55:15-07,WELLS,2006-12-14 09:28:28-08,f954cabb-3731-49dc-a095-0bb3cce06b14,384,C. & M. Drilling
WELLS,2003-08-13 08:55:15-07,WELLS,2006-12-14 09:28:28-08,824afe31-ee8e-467a-8add-1626126b627a,389,Embley
WELLS,2003-08-13 08:55:15-07,WELLS,2006-12-14 09:28:28-08,8a9b23f6-f914-4dcc-b8b9-4509da07fc80,390,"Adams, Ray"
WELLS,2003-08-13 08:55:15-07,WELLS,2006-12-14 09:28:28-08,e3885233-ec40-4c95-b004-d2170a7c28c2,394,"Sorvik, Olaf"
WELLS,2003-08-13 08:55:15-07,WELLS,2006-12-14 09:28:28-08,b58e59f0-6612-421d-acdb-25bb153a7f69,395,North Country Water Wells
WELLS,2003-08-13 08:55:15-07,WELLS,2006-12-14 09:28:28-08,fbce060f-cbaa-480e-a5cc-d9681aa7d350,402,H. Harder
WELLS,2003-08-13 08:55:15-07,WELLS,2006-12-14 09:28:28-08,df549242-0615-49d5-8a0d-5a0ff198e00e,404,"Beers, Bill"
WELLS,2003-08-13 08:55:15-07,WELLS,2006-12-14 09:28:28-08,f215f413-1e53-4ac5-974d-6467c5261014,409,"Bates, Alan"
WELLS,2003-08-13 08:55:15-07,WELLS,2006-12-14 09:28:28-08,f9fc6f5e-1ade-42b6-9b94-bd84c675bb58,410,Brown Drilling
WELLS,2003-08-13 08:55:15-07,WELLS,2006-12-14 09:28:28-08,7345526b-cd2d-48e5-8884-2377ea0c7b2f,418,M. & M. Drilling Co.
WELLS,2003-08-13 08:55:15-07,WELLS,2006-12-14 09:28:28-08,7f5f1f9e-0aa7-4e9d-8060-fd0c18a72d9b,419,Cronin Drilling Inc.
WELLS,2003-08-13 08:55:15-07,WELLS,2006-12-14 09:28:28-08,a2e6588d-f2a5-4417-bed8-55756d7d0061,425,Smithers Well Drilling
WELLS,2003-08-13 08:55:15-07,WELLS,2006-12-14 09:28:28-08,32031073-939d-4357-88d6-f5acfd83acf7,426,Interim Water Wells
WELLS,2003-08-13 08:55:15-07,WELLS,2006-12-14 09:28:28-08,6c206882-b620-46ed-817b-fdee9b74c44c,438,Davies Contracting Ltd.
WELLS,2003-08-13 08:55:15-07,WELLS,2006-12-14 09:28:28-08,a7fba685-4cb9-4832-9c38-f68451a7dacd,447,Cenam Construction Ltd.
WELLS,2003-08-13 08:55:15-07,WELLS,2006-12-14 09:28:28-08,6a301695-47af-4a02-b68d-ea83cc058bb2,448,Well Done Drilling
WELLS,2005-02-25 10:26:25-08,WELLS,2006-12-14 09:28:28-08,09eada5c-1f37-4c34-98e6-80b217b8eadc,472,Kobau Mtn. Drilling Ltd.
WELLS,2003-08-13 08:55:13-07,WELLS,2006-12-14 09:28:28-08,90d9303a-6b03-41cb-978d-7c34236c5e8c,033,D. A. Smithson & Sons
WELLS,2003-08-13 08:55:14-07,WELLS,2006-12-14 09:28:28-08,0fc9bb75-988c-4a39-872d-3dab940fc45c,169,l. J.  Desilets
WELLS,2003-08-13 08:55:15-07,WELLS,2006-12-14 09:28:28-08,4c740340-4e15-4e11-a51e-62f46c59b944,449,Kodiak Drilling Mtn. Div.
WELLS,2005-03-04 09:42:48-08,WELLS,2006-12-14 09:28:28-08,cb341f51-afe9-486a-b10b-f38003ae9118,471,J. R. Drilling Central Ltd. Partnership
WELLS,2003-08-13 08:55:13-07,WELLS,2006-12-14 09:28:28-08,74fae3a9-9fed-46c0-b575-a0ff51535d3f,013,Anderson Air Drilling
PROXY_WELLS,2008-09-03 10:42:23-07,,,6bb6b418-9a79-4823-853d-cf61dddf5cf2,494,Aqua Source Drilling Ltd.
PROXY_WELLS,2008-09-23 10:40:28-07,,,7e7c8bd3-7a34-4d18-b328-cbee62c08805,497,A Better Bobcat Service Ltd.
PROXY_WELLS,2008-10-29 16:32:42-07,,,a160dd81-7dd1-4c9b-b263-b64c04e1f3f9,499,Carbon Mountain Drilling
PROXY_WELLS,2008-10-29 16:33:05-07,,,ee401a70-ec48-45b3-8be9-6e6386d8d74c,500,Anderson Water Wells
PROXY_WELLS,2009-04-29 09:17:15-07,,,cdbb2912-877c-4873-ba15-632147b7b0e1,501,Derex Drilling
PROXY_WELLS,2009-06-15 13:24:25-07,PROXY_WELLS,2009-06-15 13:25:15-07,32f1c292-a7fe-43e0-8c7c-3d6e3b911166,502,Good Well Drilling
PROXY_WELLS,2009-10-19 10:04:45-07,,,c8ba3833-98ba-4ae9-b705-c069078eb6a5,506,Anderson Water Serv
PROXY_WELLS,2009-11-10 11:10:54-08,,,0d844c8a-dcd8-498f-a406-db7c80ee7629,508,Uniwide Drilling
PROXY_WELLS,2010-04-19 11:30:02-07,,,e6aa8761-d340-4daf-b1f2-7be529e1e7b8,509,Grassroots Drilling
PROXY_WELLS,2010-07-27 15:36:41-07,PROXY_WELLS,2010-07-27 15:36:50-07,e4988113-f4b6-496b-a035-9f0d593f0a84,511,Seismograph Outfit
PROXY_WELLS,2011-02-14 08:27:11-08,,,65fd4020-4f86-4656-87f8-ad07cd7c74a0,514,Falkland Water
PROXY_WELLS,2011-07-26 15:59:02-07,,,1ad9db35-582d-4da8-aae6-9c3830e4d422,520,E.D.S. PUMPS
WELLS,2003-08-13 08:55:13-07,WELLS,2006-12-14 09:28:28-08,53c0896e-80e8-487a-a0a2-bfaae022ab0e,002,Donald Abercrombie
WELLS,2003-08-13 08:55:13-07,WELLS,2006-12-14 09:28:28-08,dd1dd3f6-b732-4628-a079-dded1120055e,015,Andy's Pump & Supply Drilling
WELLS,2003-08-13 08:55:13-07,WELLS,2006-12-14 09:28:28-08,3695aacf-8ab4-4079-a244-e062a7861387,031,Donald Well Drilling
WELLS,2003-08-13 08:55:13-07,WELLS,2006-12-14 09:28:28-08,16c0547a-6116-43b6-8e9f-6e56115b54b8,121,R. & S. Drilling
WELLS,2003-08-13 08:55:13-07,WELLS,2006-12-14 09:28:28-08,b48a003d-c63a-4e9b-ac42-1adfaf336052,130,Stewart Drilling
WELLS,2003-08-13 08:55:13-07,WELLS,2006-12-14 09:28:28-08,a91dce8c-9e46-4d99-9c1f-cc7970e142f3,139,United Water Wells
WELLS,2003-08-13 08:55:14-07,WELLS,2006-12-14 09:28:28-08,18e79e47-10c8-45ea-a8b5-fa0b98c04e55,166,Surrey Well Drillers
WELLS,2003-08-13 08:55:14-07,WELLS,2006-12-14 09:28:28-08,e239c535-fb13-495c-a244-8b60f8185a03,184,Carl Van Doorseleare
WELLS,2003-08-13 08:55:14-07,WELLS,2006-12-14 09:28:28-08,27b3b72f-7ede-4934-b1a5-d93c15869b5f,201,Aquarius Well Drilling
WELLS,2003-08-13 08:55:14-07,WELLS,2006-12-14 09:28:28-08,898758c1-82d6-4047-b13c-7efe5dee2d7a,218,Superior Drilling
WELLS,2003-08-13 08:55:14-07,WELLS,2006-12-14 09:28:28-08,ac447551-ca85-4d29-81a6-70bed7a86244,147,Wonowon Oil Contracting
WELLS,2003-08-13 08:55:14-07,WELLS,2006-12-14 09:28:28-08,e4764018-262c-433e-82db-3c383dd4c040,240,Considine
WELLS,2003-08-13 08:55:14-07,WELLS,2006-12-14 09:28:28-08,2eca7ffc-b10e-4aa2-a366-1677ea8b8ed1,111,Perry's Well Drilling
WELLS,2003-08-13 08:55:14-07,WELLS,2006-12-14 09:28:28-08,db40f8f3-f270-4984-b045-7fb706e3817b,116,Quesnel Water Wells
WELLS,2003-08-13 08:55:15-07,WELLS,2006-12-14 09:28:28-08,49833202-4583-4196-9ec6-407084e27f5a,380,"Harris, Mike"
WELLS,2003-08-13 08:55:15-07,WELLS,2006-12-14 09:28:28-08,80d6582f-3136-4df4-a0b4-f617a64c8360,401,Skeena Rock Mechanics Co.
WELLS,2003-08-13 08:55:15-07,WELLS,2006-12-14 09:28:28-08,c5c38228-9408-4847-9411-1cd39f4cb7a5,467,Hamerston Backhoe Service
WELLS,2003-08-13 08:55:15-07,WELLS,2006-12-14 09:28:28-08,1a0cd035-b8e9-476d-9b3f-599992330302,468,Wangler Drilling Ltd.
WELLS,2003-08-13 08:55:15-07,WELLS,2006-12-14 09:28:28-08,9c55c8c6-be36-4293-a3e6-1c5594bc2af9,440,Trinity Valley Drilling
WELLS,2003-08-13 08:55:15-07,WELLS,2006-12-14 09:28:28-08,a6d18d27-081b-4d35-84fd-79816c757a13,434,Jacob's Water Wells
WELLS,2003-08-13 08:55:15-07,WELLS,2006-12-14 09:28:28-08,aba0989f-8a64-4a0c-a1fc-d73b2592db80,442,Robbins Well Drilling
WELLS,2003-08-13 08:55:15-07,WELLS,2006-12-14 09:28:28-08,9e27f0cd-1ec9-4da2-ba95-f8a22845ce20,450,Ace Sumar Wells
WELLS,2003-08-13 08:55:15-07,WELLS,2006-12-14 09:28:28-08,e051f791-ea81-4fb3-b4a9-5efdb64fb70d,456,Reliance Well Drilling
WELLS,2003-08-13 08:55:15-07,WELLS,2006-12-14 09:28:28-08,9428a1f3-83c4-46c6-b830-3531990287a8,459,Target Drilling
WELLS,2003-08-13 08:55:15-07,WELLS,2006-12-14 09:28:28-08,c597ef71-c641-43db-aecb-44ddc7d41dd2,463,Harry Vandergaag
WELLS,2003-08-13 08:55:14-07,WELLS,2006-12-14 09:28:28-08,3528db7a-bb0b-40c6-906b-1c234559800c,258,"Dinslay, J."
WELLS,2003-08-13 08:55:14-07,WELLS,2006-12-14 09:28:28-08,1513ce5d-6582-49c6-98d3-3bc5bdbac045,278,Radford & Clark
WELLS,2003-08-13 08:55:14-07,WELLS,2006-12-14 09:28:28-08,0bb339a3-6cba-475d-9046-b71bc8145466,304,"Hill, Jim"
WELLS,2003-08-13 08:55:14-07,WELLS,2006-12-14 09:28:28-08,e6bcd1e7-51ca-411a-b102-de506331b0cf,323,Coast Water
PROXY_WELLS,2007-04-19 14:08:42-07,PROXY_WELLS,2007-10-22 15:29:22-07,99c54ad4-94e3-4ec7-aae2-908af9e10af8,485,Allan Dakin
PROXY_WELLS,2007-10-22 15:27:13-07,PROXY_WELLS,2007-10-22 15:29:12-07,27cec79b-a3f1-477c-9a12-6cd54b0680ca,486,Alliance Drilling
PROXY_WELLS,2007-11-29 15:38:34-08,,,39ee5036-e0e8-4e6c-9e44-c98b15dbf25d,491,Peters Well Drilling Pump Sales and Service
PROXY_WELLS,2014-06-25 09:32:41-07,,,b4e8a03c-834d-4ba2-a7c6-77782e3e8606,1007,Moberg Drilling
PROXY_WELLS,2014-01-14 10:42:35-08,,,8849bb4e-5dff-4ab3-b626-4076812ec3b5,1005,Alken Basin Drilling
PROXY_WELLS,2015-08-27 09:06:38-07,PROXY_WELLS,2015-08-27 09:07:12-07,f1382969-52cd-413b-9fd1-eca4d9f705db,1008,TerraTherma Drilling
PROXY_WELLS,2015-08-27 09:07:40-07,,,50aee03e-e9d5-4b1a-aac1-41afb1e66c1f,1009,Groundforce Drilling
PROXY_WELLS,2016-01-21 13:04:50-08,,,70ef746f-d376-499b-8a5d-2eb0daec3590,1011,Clear Blue Water Sys
PROXY_WELLS,2017-02-14 09:53:29-08,,,15c46add-e5ad-460c-afd7-1c08099cde81,1023,Diverse Drilling Ltd
PROXY_WELLS,2017-02-14 10:05:11-08,,,52dfe15f-7581-48d3-841e-a7cec297fbe6,1024,Bertram Drilling
PROXY_WELLS,2016-11-07 11:02:26-08,,,52b36bb9-f7c8-4b61-a794-31aab3b1f7b7,1012,Blue Max Drilling
PROXY_WELLS,2016-11-21 15:31:42-08,,,34a177d1-cbc7-4012-820b-252ef2b88a39,1013,Abacus Drilling
PROXY_WELLS,2016-11-21 15:35:26-08,,,257f7787-d304-4ec7-abfe-94f2ced5c96d,1014,Alco Drilling
PROXY_WELLS,2016-11-21 15:36:33-08,,,f232d9ca-6cc6-4d17-9b83-d3239f8f34d9,1015,Kicking Horse Water
PROXY_WELLS,2016-11-21 15:38:18-08,,,ca4a99b0-0dcf-4385-bccd-93a6e865d08e,1016,Sonic Drilling Ltd
PROXY_WELLS,2016-11-21 15:40:06-08,,,55ee9581-cdb6-4a54-9849-166f55665aba,1017,Ground Source
PROXY_WELLS,2016-11-21 15:41:04-08,,,18500725-b6f7-4961-9e38-3210b4e090c4,1018,Stooksberry Drilling
PROXY_WELLS,2016-11-21 15:42:32-08,,,f997c1b1-44b0-42c7-a38e-f16e357eb845,1019,Queen Charlotte Well
PROXY_WELLS,2016-11-21 15:43:21-08,,,423b5ce7-da8c-431d-807f-d5212cff36c5,1020,Okanagan Kootenay
PROXY_WELLS,2016-11-21 15:44:38-08,,,b00b1f12-c10a-4a1b-b88a-7fc1b8c0077d,1021,Ingram Drilling Co
PROXY_WELLS,2015-12-23 11:33:21-08,PROXY_WELLS,2015-12-23 11:34:16-08,7a2b9716-f8cd-4aa2-94ef-647ae9f6262f,1010,Geotility Systems
PROXY_WELLS,2016-12-05 09:38:04-08,,,bdeb6555-d09b-48f3-8f16-80ff138e4046,1022,Value Contracting
